customer_id,age,annual_income_k,orders_per_year,days_since_last_purchase,annual_spend
C0001,45,82.1,17,12,1597
C0002,27,54.4,7,195,176
C0003,31,32.0,2,1,61
C0004,43,107.5,14,15,1358
C0005,27,38.6,18,13,449
C0006,22,24.0,14,11,209
C0007,49,73.4,30,6,2991
C0008,40,64.2,10,195,602
C0009,47,74.8,32,14,3164
C0010,58,89.9,7,26,1519
C0011,37,84.4,25,14,2171
C0012,55,85.6,24,10,2477
C0013,28,68.5,18,16,1470
C0014,32,57.0,3,11,98
C0015,42,111.7,5,76,1007
C0016,23,35.0,18,3,374
C0017,59,100.7,32,22,3147
C0018,28,36.8,19,14,529
C0019,27,29.3,17,30,507
C0020,38,59.2,26,17,2260
C0021,48,64.9,28,20,3479
C0022,18,43.0,1,20,67
C0023,26,44.4,3,1,90
C0024,31,50.2,2,3,109
C0025,46,97.7,3,90,742
C0026,33,31.0,1,5,52
C0027,35,87.1,28,8,3221
C0028,34,79.3,21,13,2624
C0029,41,65.7,1,13,51
C0030,39,60.2,9,204,577
C0031,30,51.4,4,5,223
C0032,30,48.2,20,34,612
C0033,39,88.8,16,20,1412
C0034,29,35.3,14,3,522
C0035,30,27.0,15,20,484
C0036,46,86.7,8,177,381
C0037,47,96.1,23,15,2084
C0038,44,14.0,5,218,256
C0039,42,57.3,12,172,823
C0040,18,28.1,12,14,344
C0041,35,102.3,3,25,923
C0042,45,88.4,21,1,2813
C0043,29,69.1,3,224,248
C0044,21,39.6,1,16,38
C0045,39,69.7,33,15,3441
C0046,36,38.8,15,11,379
C0047,40,83.7,9,199,619
C0048,35,82.1,27,18,2530
C0049,47,79.2,19,10,1780
C0050,39,44.5,5,103,361
C0051,29,26.8,12,31,375
C0052,23,32.3,20,1,503
C0053,52,89.1,25,11,2584
C0054,33,67.4,1,4,49
C0055,35,40.1,3,20,143
C0056,32,95.9,6,68,1568
C0057,28,38.6,22,22,799
C0058,18,39.7,21,23,591
C0059,49,85.6,19,17,1566
C0060,26,24.1,23,18,245
C0061,39,115.2,23,26,2687
C0062,22,37.7,23,43,430
C0063,45,113.1,7,80,1365
C0064,32,36.4,3,1,153
C0065,30,86.9,2,14,70
C0066,32,82.3,24,17,1931
C0067,28,44.1,2,10,100
C0068,29,34.8,3,18,168
C0069,37,77.9,31,16,2507
C0070,34,23.8,21,23,709
C0071,24,27.7,22,19,827
C0072,43,86.6,22,17,2445
C0073,42,45.0,7,201,374
C0074,46,120.1,6,100,1547
C0075,36,68.2,9,190,786
C0076,23,47.5,2,19,127
C0077,30,38.5,15,18,461
C0078,36,41.0,19,17,654
C0079,33,61.2,3,22,123
C0080,18,45.0,12,153,537
C0081,33,36.2,21,8,677
C0082,48,58.2,14,158,1282
C0083,37,41.3,2,15,58
C0084,53,109.5,7,43,1963
C0085,46,72.0,28,4,2580
C0086,47,104.8,27,15,2835
C0087,33,50.1,23,19,625
C0088,28,32.6,8,27,217
C0089,43,104.2,6,28,1298
C0090,26,38.7,19,14,431
C0091,23,37.7,12,22,530
C0092,27,35.8,4,20,117
C0093,29,96.0,23,2,1646
C0094,29,33.4,23,32,577
C0095,30,43.4,14,35,486
C0096,28,25.1,18,16,419
C0097,33,36.0,16,40,752
C0098,48,76.3,26,13,2145
C0099,50,55.5,12,180,413
C0100,39,99.5,18,9,1832
C0101,47,74.5,12,14,836
C0102,25,23.7,22,23,387
C0103,29,77.6,3,8,137
C0104,53,138.5,4,79,1083
C0105,40,81.6,22,11,2606
C0106,39,62.6,9,186,507
C0107,45,82.0,23,18,1763
C0108,32,33.4,23,21,882
C0109,24,41.4,27,26,811
C0110,42,65.0,11,163,843
C0111,27,35.3,18,37,460
C0112,35,43.5,10,188,495
C0113,37,39.6,2,12,91
C0114,31,43.6,1,2,49
C0115,59,132.2,5,104,1505
C0116,45,152.1,2,67,680
C0117,53,101.3,5,64,1505
C0118,51,63.9,30,10,2959
C0119,30,75.5,7,96,535
C0120,29,47.8,7,230,406
C0121,39,87.1,17,18,1507
C0122,35,70.8,33,15,3122
C0123,34,98.4,5,64,1062
C0124,44,64.2,6,132,198
C0125,22,35.0,17,6,338
C0126,31,64.1,26,12,2019
C0127,30,42.0,3,10,172
C0128,29,46.6,20,1,559
C0129,33,58.3,1,11,64
C0130,37,53.2,1,178,54
C0131,32,76.3,16,9,1144
C0132,29,57.5,3,10,89
C0133,29,11.6,17,21,473
C0134,37,30.4,19,4,473
C0135,39,79.4,9,229,613
C0136,32,33.0,18,41,378
C0137,48,87.7,36,14,3181
C0138,39,63.9,22,18,2172
C0139,24,26.4,18,20,536
C0140,49,83.1,25,9,2712
C0141,35,74.2,23,4,2027
C0142,33,27.0,18,28,575
C0143,30,33.1,22,8,716
C0144,46,72.3,25,9,1477
C0145,46,63.7,6,207,163
C0146,42,89.2,31,16,2641
C0147,47,100.2,7,63,1578
C0148,54,114.5,5,35,1095
C0149,35,98.3,19,1,1971
C0150,44,83.1,33,15,3070
C0151,22,66.0,2,24,75
C0152,18,69.3,2,15,105
C0153,48,138.8,5,84,1274
C0154,48,112.1,6,63,1450
C0155,30,41.2,3,5,96
C0156,28,26.6,18,16,745
C0157,52,79.5,30,14,2722
C0158,42,51.9,9,184,549
C0159,44,86.9,29,3,2686
C0160,46,78.6,17,9,1414
C0161,48,123.7,6,88,829
C0162,24,22.8,22,20,530
C0163,49,83.1,29,8,3236
C0164,50,113.2,6,72,1271
C0165,48,102.0,7,64,2064
C0166,35,82.2,22,13,1667
C0167,18,38.6,20,4,363
C0168,18,28.9,7,6,110
C0169,25,30.5,3,18,111
C0170,35,108.6,1,49,229
C0171,25,37.7,24,26,609
C0172,25,38.3,16,22,428
C0173,31,74.6,1,182,76
C0174,34,103.2,6,83,1574
C0175,24,34.3,15,35,590
C0176,38,60.4,29,16,1465
C0177,41,24.3,13,154,631
C0178,49,92.7,21,16,1418
C0179,41,67.4,26,1,2400
C0180,24,30.8,15,34,417
C0181,49,83.4,14,11,1069
C0182,31,40.6,17,14,438
C0183,22,43.3,1,8,41
C0184,46,55.4,13,212,725
C0185,38,57.3,7,86,317
C0186,64,101.5,2,58,623
C0187,69,98.4,4,60,765
C0188,31,61.3,2,167,115
C0189,46,94.2,6,63,1469
C0190,31,35.0,15,18,458
C0191,44,78.4,13,148,1134
C0192,30,88.3,7,161,571
C0193,40,76.6,28,1,3344
C0194,35,29.2,10,25,310
C0195,59,135.6,7,41,1637
C0196,26,27.4,13,28,395
C0197,47,40.7,8,189,519
C0198,37,125.7,1,70,238
C0199,39,53.2,8,168,443
C0200,43,88.9,26,7,1778
C0201,49,103.9,20,6,1957
C0202,43,90.2,12,101,717
C0203,33,63.5,5,210,242
C0204,28,46.0,17,20,577
C0205,26,36.0,25,20,815
C0206,24,46.6,14,18,360
C0207,31,32.8,19,18,465
C0208,23,33.8,16,20,580
C0209,32,40.0,17,26,446
C0210,40,69.1,8,237,569
C0211,40,59.7,2,15,111
C0212,27,37.5,2,8,108
C0213,35,37.2,1,3,49
C0214,43,90.7,23,11,2496
C0215,29,39.9,16,23,493
C0216,34,86.8,26,19,2567
C0217,51,125.4,4,99,790
C0218,39,96.8,31,15,2552
C0219,29,60.2,11,166,954
C0220,42,84.5,18,21,1450
C0221,28,38.9,13,19,181
C0222,44,74.7,3,196,162
C0223,40,74.9,25,7,3283
C0224,28,26.1,14,18,611
C0225,74,103.2,4,13,870
C0226,40,71.9,5,261,260
C0227,59,89.3,1,53,235
C0228,23,37.0,22,6,583
C0229,43,83.0,31,10,2250
C0230,50,94.8,5,40,1247
C0231,39,87.1,28,9,2518
C0232,26,61.4,11,223,500
C0233,25,42.0,13,14,193
C0234,39,74.1,9,178,535
C0235,23,32.5,2,20,46
C0236,37,80.4,24,24,2177
C0237,33,67.2,16,135,781
C0238,20,36.6,16,28,541
C0239,47,93.2,4,63,994
C0240,26,39.3,9,28,184
C0241,18,63.1,4,10,219
C0242,38,100.7,5,40,1219
C0243,26,43.8,11,192,920
C0244,36,33.7,15,22,415
C0245,54,75.8,28,14,3221
C0246,22,46.5,12,15,338
C0247,31,30.2,10,147,343
C0248,46,55.6,10,132,991
C0249,27,37.3,18,35,512
C0250,39,87.6,27,27,3145
C0251,30,78.3,28,12,2338
C0252,41,70.3,28,8,2738
C0253,34,44.6,17,16,571
C0254,34,43.0,3,11,140
C0255,39,91.5,20,2,2100
C0256,54,70.4,25,13,2538
C0257,58,86.4,5,44,1188
C0258,21,49.4,17,33,580
C0259,34,89.6,21,13,2605
C0260,19,34.4,24,23,758
C0261,27,32.1,26,10,797
C0262,37,36.8,18,4,397
C0263,27,63.3,1,6,39
C0264,23,47.9,14,21,397
C0265,34,40.2,25,36,815
C0266,21,94.2,7,149,381
C0267,22,42.8,16,13,160
C0268,29,110.6,28,7,2554
C0269,27,21.2,20,30,584
C0270,46,102.6,5,52,1584
C0271,46,83.9,6,49,1902
C0272,29,33.8,24,6,637
C0273,32,106.2,19,15,1851
C0274,44,74.3,14,11,1526
C0275,41,96.2,6,35,1351
C0276,33,22.7,3,5,176
C0277,30,92.8,13,182,909
C0278,45,96.2,24,16,2174
C0279,47,84.9,16,13,1042
C0280,24,61.5,2,24,103
C0281,33,48.8,7,162,509
C0282,50,79.2,22,8,2775
C0283,60,36.3,11,130,678
C0284,18,56.8,15,227,1124
C0285,26,106.8,7,71,1975
C0286,35,60.6,8,87,492
C0287,26,33.2,25,26,426
C0288,27,37.8,15,25,615
C0289,46,103.9,16,10,1775
C0290,35,33.9,9,168,554
C0291,27,38.9,18,19,302
C0292,44,89.1,26,23,3002
C0293,18,41.6,17,21,451
C0294,35,70.3,26,5,2638
C0295,31,38.3,20,1,653
C0296,34,32.0,19,33,435
C0297,40,41.9,2,11,80
C0298,28,32.2,18,19,536
C0299,40,61.9,5,216,309
C0300,57,102.1,7,58,1861
C0301,18,34.7,17,18,446
C0302,42,57.1,6,178,404
C0303,33,62.4,3,6,92
C0304,45,43.6,10,131,856
C0305,38,101.0,20,15,1693
C0306,18,32.8,16,9,531
C0307,21,42.5,23,17,703
C0308,59,107.2,8,32,2408
C0309,31,44.3,20,6,508
C0310,29,34.1,24,1,799
C0311,22,36.0,21,11,705
C0312,35,48.2,10,143,637
C0313,27,101.2,6,65,1188
C0314,40,50.7,12,134,699
C0315,49,75.1,4,102,1056
C0316,48,73.2,22,12,2762
C0317,47,92.4,4,93,836
C0318,43,86.1,27,17,3134
C0319,41,32.1,1,157,83
C0320,31,76.3,2,9,90
C0321,40,85.0,31,6,3032
C0322,57,91.7,5,48,1150
C0323,56,131.9,5,32,1183
C0324,38,47.9,5,226,234
C0325,21,31.7,16,6,490
C0326,42,113.6,1,26,180
C0327,49,100.1,6,66,1705
C0328,48,75.9,6,46,1372
C0329,42,126.8,6,26,1612
C0330,42,79.0,27,2,2700
C0331,32,114.7,4,43,877
C0332,41,87.2,21,11,1749
C0333,65,83.8,26,1,3098
C0334,27,39.9,21,8,715
C0335,35,22.3,16,13,589
C0336,28,75.9,3,10,96
C0337,50,81.0,23,10,2345
C0338,44,81.8,12,16,1200
C0339,54,88.4,6,66,860
C0340,51,126.9,5,62,1424
C0341,27,31.0,20,22,617
C0342,50,65.4,3,164,211
C0343,23,38.6,20,30,651
C0344,27,32.5,16,17,560
C0345,20,42.9,15,2,478
C0346,45,51.8,6,197,410
C0347,23,52.6,3,6,82
C0348,35,68.6,30,15,2467
C0349,24,46.0,9,166,679
C0350,21,57.5,11,29,385
C0351,32,42.4,18,16,180
C0352,58,111.5,4,70,854
C0353,37,88.6,29,23,2529
C0354,42,67.3,10,137,531
C0355,39,24.0,1,17,36
C0356,41,80.5,22,15,2358
C0357,24,91.8,7,189,225
C0358,51,119.1,5,40,1210
C0359,60,116.2,7,72,1308
C0360,27,73.6,9,170,649
C0361,53,110.1,17,3,1386
C0362,65,62.1,3,231,225
C0363,31,71.8,28,1,2745
C0364,44,54.2,31,1,2177
C0365,25,38.0,20,1,545
C0366,36,60.3,7,151,539
C0367,34,107.0,25,6,1997
C0368,45,91.3,6,42,1305
C0369,27,38.5,23,19,497
C0370,27,44.1,18,20,442
C0371,39,58.6,9,181,569
C0372,44,83.8,21,1,2078
C0373,31,25.7,17,25,223
C0374,29,36.8,10,21,233
C0375,35,102.0,3,54,637
C0376,43,35.4,17,32,431
C0377,30,69.5,3,168,190
C0378,30,58.5,11,131,560
C0379,40,46.5,12,93,857
C0380,51,68.3,8,236,628
C0381,32,36.3,6,266,311
C0382,51,94.5,4,65,932
C0383,45,89.6,22,21,1610
C0384,22,58.7,3,19,203
C0385,18,45.5,12,23,359
C0386,55,119.6,4,61,858
C0387,39,92.7,28,5,2029
C0388,21,31.1,12,8,398
C0389,35,88.2,26,5,2612
C0390,20,43.1,1,8,22
C0391,52,94.1,6,50,1037
C0392,33,66.6,12,188,638
C0393,31,44.0,2,11,36
C0394,33,107.8,4,78,752
C0395,18,59.6,4,18,227
C0396,43,90.6,8,108,1512
C0397,50,135.6,5,74,1293
C0398,36,64.5,2,9,78
C0399,25,29.8,19,5,455
C0400,37,24.3,7,143,478
C0401,30,39.1,7,166,443
C0402,44,60.8,11,212,884
C0403,37,87.8,21,6,2011
C0404,20,10.0,14,24,473
C0405,55,63.5,5,186,279
C0406,28,68.7,6,226,479
C0407,43,53.5,11,189,795
C0408,45,90.3,6,60,1831
C0409,32,35.9,15,24,439
C0410,26,28.1,18,11,516
C0411,36,46.3,3,9,135
C0412,25,40.1,14,1,340
C0413,26,45.6,16,1,698
C0414,25,70.9,1,17,50
C0415,29,37.5,14,19,331
C0416,30,22.7,18,22,620
C0417,45,88.2,21,17,1624
C0418,46,47.2,9,216,418
C0419,32,29.1,18,5,659
C0420,39,61.3,1,22,35
C0421,18,35.0,24,11,881
C0422,21,31.7,18,29,559
C0423,38,97.2,25,5,2652
C0424,34,76.3,24,11,1759
C0425,42,59.2,5,203,403
C0426,51,101.3,5,59,1183
C0427,59,126.5,2,27,412
C0428,18,34.1,14,18,432
C0429,28,55.0,4,6,184
C0430,47,60.2,16,137,1199
C0431,62,102.1,5,41,1391
C0432,32,71.7,33,17,3753
C0433,30,72.6,2,14,73
C0434,28,46.8,20,14,821
C0435,33,23.4,1,1,59
C0436,44,102.5,26,13,2647
C0437,39,80.5,28,15,2226
C0438,20,66.2,2,10,74
C0439,48,76.2,1,215,72
C0440,40,90.5,15,11,1184
C0441,34,42.3,1,143,93
C0442,43,71.7,32,10,2892
C0443,35,41.9,21,14,556
C0444,48,97.0,31,2,3105
C0445,21,54.6,21,9,656
C0446,46,77.2,20,9,2091
C0447,36,31.0,15,18,284
C0448,27,31.1,25,7,424
C0449,53,103.0,7,66,2024
C0450,29,35.6,23,31,740
C0451,43,110.5,33,3,2348
C0452,51,103.4,18,10,1664
C0453,45,83.6,18,6,1712
C0454,36,36.7,24,17,873
C0455,25,102.7,26,6,3180
C0456,25,40.4,15,13,454
C0457,46,48.1,7,184,295
C0458,40,65.0,10,170,582
C0459,34,46.8,17,14,348
C0460,27,49.6,1,9,46
C0461,30,69.6,25,7,2315
C0462,47,101.9,28,11,3036
C0463,37,25.1,13,7,341
C0464,47,56.8,10,229,654
C0465,41,89.0,1,74,303
C0466,41,40.8,7,157,421
C0467,27,38.1,19,38,798
C0468,41,61.4,12,130,493
C0469,66,70.5,9,236,531
C0470,46,82.8,26,16,2613
C0471,28,65.3,2,1,90
C0472,51,76.6,9,131,511
C0473,26,43.8,20,29,532
C0474,49,100.5,4,76,844
C0475,21,35.9,20,12,484
C0476,48,111.1,6,47,1447
C0477,51,122.6,7,85,1565
C0478,28,18.1,26,40,659
C0479,28,37.6,24,8,405
C0480,26,84.4,24,8,2305
C0481,29,17.6,13,27,261
C0482,25,51.7,1,6,37
C0483,24,52.7,1,16,82
C0484,35,70.9,10,103,372
C0485,39,80.6,23,19,2318
C0486,27,41.1,28,1,876
C0487,32,69.2,9,98,644
C0488,28,46.5,1,13,39
C0489,23,25.7,3,10,84
C0490,24,40.9,16,9,273
C0491,46,110.6,4,115,1110
C0492,34,42.1,17,25,218
C0493,45,119.9,27,7,2851
C0494,25,31.3,13,23,345
C0495,29,40.1,18,9,626
C0496,39,69.1,26,12,2354
C0497,43,89.8,5,77,1482
C0498,44,80.3,27,2,2429
C0499,38,80.1,21,10,2024
C0500,20,67.6,6,105,303
C0501,25,30.5,14,12,409
C0502,50,145.6,2,58,665
C0503,23,32.7,25,24,493
C0504,30,71.7,29,14,3066
C0505,45,86.9,24,20,1869
C0506,44,66.9,5,228,442
C0507,31,71.8,6,164,443
C0508,29,34.5,13,21,291
C0509,49,77.5,10,117,600
C0510,22,44.5,13,17,226
C0511,55,102.6,8,75,2357
C0512,18,35.9,20,27,641
C0513,32,69.0,6,195,415
C0514,34,98.3,5,48,1319
C0515,41,76.3,8,139,414
C0516,58,81.5,21,2,2069
C0517,43,85.4,29,7,2798
C0518,43,43.8,10,256,535
C0519,37,99.3,17,5,1551
C0520,38,47.5,3,12,55
C0521,33,78.5,7,194,397
C0522,48,81.1,23,12,2458
C0523,46,95.1,28,7,2191
C0524,22,33.6,24,16,532
C0525,48,105.7,13,3,1447
C0526,34,70.1,8,146,572
C0527,49,123.4,3,72,868
C0528,26,52.9,18,6,421
C0529,25,23.8,18,23,541
C0530,30,86.1,21,22,1768
C0531,32,113.9,5,65,1340
C0532,32,34.5,15,7,493
C0533,25,37.5,22,23,757
C0534,21,48.5,7,209,282
C0535,46,60.2,8,185,491
C0536,31,49.2,2,24,97
C0537,27,40.4,19,24,728
C0538,22,34.2,9,26,303
C0539,30,38.6,20,24,763
C0540,39,111.1,3,77,809
C0541,39,59.4,8,220,236
C0542,40,94.3,23,6,2079
C0543,42,111.1,6,48,1368
C0544,34,72.6,16,9,1604
C0545,18,47.5,3,11,121
C0546,46,67.4,25,17,2239
C0547,32,26.7,21,12,858
C0548,47,90.1,24,10,2260
C0549,34,32.3,11,137,809
C0550,38,53.0,8,251,411
C0551,39,47.0,7,167,377
C0552,47,89.5,7,58,1648
C0553,41,83.9,24,11,1983
C0554,41,107.5,4,72,1127
C0555,58,111.9,1,53,237
C0556,27,46.5,21,1,671
C0557,51,75.1,26,15,1662
C0558,33,31.7,15,25,324
C0559,48,144.0,3,1,641
C0560,27,35.8,15,16,403
C0561,27,25.8,13,43,309
C0562,29,55.8,1,7,37
C0563,38,67.4,16,217,936
C0564,29,89.5,1,7,68
C0565,31,67.2,10,148,783
C0566,27,21.8,21,18,640
C0567,37,25.7,3,12,132
C0568,26,38.3,10,2,212
C0569,35,44.3,1,137,61
C0570,37,66.2,2,174,102
C0571,35,74.5,20,19,1732
C0572,43,46.1,4,106,186
C0573,39,55.9,1,2,35
C0574,32,38.3,17,30,270
C0575,37,90.4,23,12,2045
C0576,24,35.5,19,13,718
C0577,53,37.7,11,225,344
C0578,33,35.0,23,13,891
C0579,27,30.7,11,13,404
C0580,21,36.0,17,31,228
C0581,42,119.4,1,23,324
C0582,67,41.8,7,176,269
C0583,61,58.7,7,203,346
C0584,59,108.3,4,54,695
C0585,27,30.3,17,10,592
C0586,39,90.8,19,15,1118
C0587,35,70.9,20,11,2099
C0588,53,117.6,3,76,549
C0589,42,83.0,27,21,3030
C0590,20,50.3,11,221,356
C0591,51,93.1,2,54,578
C0592,24,38.0,21,16,622
C0593,52,62.3,7,173,374
C0594,43,88.8,20,19,1880
C0595,41,77.1,28,9,2806
C0596,33,87.9,31,14,2532
C0597,34,90.2,23,7,1925
C0598,28,27.4,22,4,805
C0599,25,32.2,9,155,411
C0600,39,105.7,28,6,2784
